{"initial_reset_timestamp": 1519642188.80829, "timestamps": [1519642193.363195, 1519642196.366238, 1519642196.4784167, 1519642196.5088737, 1519642196.546688, 1519642196.5788465, 1519642196.6101363, 1519642196.6411507, 1519642200.008102, 1519642200.1637914, 1519642200.186799, 1519642200.2133746, 1519642200.2401826, 1519642200.256189, 1519642200.2780142, 1519642200.3042207, 1519642200.3216128, 1519642200.3468804, 1519642200.3764732, 1519642200.4096391, 1519642200.439681, 1519642200.4665637, 1519642200.4931242, 1519642200.5220401, 1519642200.5581431, 1519642200.5815187, 1519642200.6096854, 1519642207.1608903, 1519642207.326564, 1519642207.3536887, 1519642207.366054, 1519642207.3935122, 1519642207.419973, 1519642207.4462466, 1519642207.4747481, 1519642207.4945443, 1519642207.5210419, 1519642207.560992, 1519642207.5889773, 1519642207.616424, 1519642207.6447356, 1519642207.6726215, 1519642207.7002416, 1519642207.727974, 1519642207.7554326, 1519642207.7725492, 1519642207.799976, 1519642207.8277102, 1519642207.8556104, 1519642207.8827033, 1519642207.9098883, 1519642207.938432, 1519642207.9659135, 1519642207.9938784, 1519642208.0214949, 1519642208.0581722, 1519642208.0853908, 1519642208.1129248, 1519642208.1407402, 1519642208.1544, 1519642208.1821425, 1519642208.2104175, 1519642208.2392538, 1519642208.2634196, 1519642211.9137824, 1519642212.0073745, 1519642212.0408762, 1519642212.0694184, 1519642212.093104, 1519642212.1612675, 1519642212.195515, 1519642212.2248862, 1519642212.2541144, 1519642212.2834463, 1519642212.3123715, 1519642212.3412917, 1519642212.370227, 1519642212.4012816, 1519642212.4245808, 1519642212.4539976, 1519642212.4864795, 1519642212.5077393, 1519642212.5448487, 1519642212.573742, 1519642212.602558, 1519642212.6314235, 1519642212.6787567, 1519642212.7081773, 1519642212.735353, 1519642212.7630508, 1519642212.7891116, 1519642212.8165617, 1519642212.8441608, 1519642212.872138, 1519642212.8997252, 1519642212.9277387, 1519642212.9554365, 1519642212.9832623, 1519642213.0124114, 1519642213.0229704], "episode_lengths": [200, 191, 200, 196, 200, 200, 200, 200, 200, 196, 165, 200, 200, 114, 160, 200, 129, 190, 200, 200, 200, 200, 183, 200, 200, 169, 200, 200, 200, 200, 91, 200, 200, 200, 200, 151, 200, 200, 200, 200, 200, 200, 200, 200, 200, 124, 200, 166, 200, 200, 200, 200, 200, 200, 200, 200, 200, 200, 200, 99, 200, 200, 200, 164, 200, 156, 200, 200, 166, 200, 200, 200, 200, 200, 200, 200, 200, 200, 157, 200, 200, 148, 200, 200, 200, 200, 200, 200, 186, 200, 187, 200, 200, 200, 200, 200, 200, 200, 165, 73], "episode_rewards": [200.0, 191.0, 200.0, 196.0, 200.0, 200.0, 200.0, 200.0, 200.0, 196.0, 165.0, 200.0, 200.0, 114.0, 160.0, 200.0, 129.0, 190.0, 200.0, 200.0, 200.0, 200.0, 183.0, 200.0, 200.0, 169.0, 200.0, 200.0, 200.0, 200.0, 91.0, 200.0, 200.0, 200.0, 200.0, 151.0, 200.0, 200.0, 200.0, 200.0, 200.0, 200.0, 200.0, 200.0, 200.0, 124.0, 200.0, 166.0, 200.0, 200.0, 200.0, 200.0, 200.0, 200.0, 200.0, 200.0, 200.0, 200.0, 200.0, 99.0, 200.0, 200.0, 200.0, 164.0, 200.0, 156.0, 200.0, 200.0, 166.0, 200.0, 200.0, 200.0, 200.0, 200.0, 200.0, 200.0, 200.0, 200.0, 157.0, 200.0, 200.0, 148.0, 200.0, 200.0, 200.0, 200.0, 200.0, 200.0, 186.0, 200.0, 187.0, 200.0, 200.0, 200.0, 200.0, 200.0, 200.0, 200.0, 165.0, 73.0], "episode_types": ["t", "t", "t", "t", "t", "t", "t", "t", "t", "t", "t", "t", "t", "t", "t", "t", "t", "t", "t", "t", "t", "t", "t", "t", "t", "t", "t", "t", "t", "t", "t", "t", "t", "t", "t", "t", "t", "t", "t", "t", "t", "t", "t", "t", "t", "t", "t", "t", "t", "t", "t", "t", "t", "t", "t", "t", "t", "t", "t", "t", "t", "t", "t", "t", "t", "t", "t", "t", "t", "t", "t", "t", "t", "t", "t", "t", "t", "t", "t", "t", "t", "t", "t", "t", "t", "t", "t", "t", "t", "t", "t", "t", "t", "t", "t", "t", "t", "t", "t", "t"]}