{"initial_reset_timestamp": 1519578740.9698222, "timestamps": [1519578747.1154892, 1519578753.1201706, 1519578753.3016698, 1519578753.3353963, 1519578753.3849187, 1519578753.4505162, 1519578753.5166438, 1519578753.5751672, 1519578754.3182316, 1519578754.438893, 1519578754.4741786, 1519578754.5068598, 1519578754.535361, 1519578754.5640414, 1519578754.5925975, 1519578754.6216319, 1519578754.649489, 1519578754.682095, 1519578754.753745, 1519578754.785142, 1519578754.7953246, 1519578754.8329563, 1519578754.8667424, 1519578754.902229, 1519578754.9371824, 1519578754.9726985, 1519578755.006648, 1519578757.6602628, 1519578757.8502564, 1519578757.878824, 1519578757.907805, 1519578757.9369762, 1519578757.966988, 1519578757.9958384, 1519578758.0247273, 1519578758.052709, 1519578758.0811584, 1519578758.111284, 1519578758.1400738, 1519578758.1691492, 1519578758.198019, 1519578758.2265918, 1519578758.25554, 1519578758.2843351, 1519578758.3131876, 1519578758.3404791, 1519578758.3678722, 1519578758.3957806, 1519578758.4239109, 1519578758.4508994, 1519578758.4781866, 1519578758.5066228, 1519578758.5335255, 1519578758.5612495, 1519578758.5886009, 1519578758.6170807, 1519578758.6454682, 1519578758.674493, 1519578758.7043304, 1519578758.733277, 1519578758.7641106, 1519578758.8000667, 1519578758.8847804, 1519578758.949359, 1519578765.147827, 1519578765.3424165, 1519578765.3737004, 1519578765.4103668, 1519578765.4499712, 1519578765.4860985, 1519578765.52235, 1519578765.565683, 1519578765.5964496, 1519578765.632316, 1519578765.670309, 1519578765.7082305, 1519578765.7442985, 1519578765.78087, 1519578765.812695, 1519578765.81514, 1519578765.8512247, 1519578765.8883917, 1519578765.9259968, 1519578765.9645047, 1519578765.995589, 1519578766.0368137, 1519578766.0755832, 1519578766.11229, 1519578766.149804, 1519578766.185407, 1519578766.2166874, 1519578766.248881, 1519578766.2862837, 1519578766.3168771, 1519578766.3536007, 1519578766.3920274, 1519578766.4501264, 1519578766.4960706, 1519578766.551935, 1519578766.5850613], "episode_lengths": [200, 200, 200, 200, 200, 200, 200, 200, 48, 200, 200, 200, 200, 200, 200, 200, 200, 200, 200, 200, 65, 200, 200, 200, 200, 200, 200, 200, 200, 200, 200, 200, 200, 200, 200, 200, 200, 200, 200, 200, 200, 200, 200, 200, 200, 200, 200, 200, 200, 200, 200, 200, 200, 200, 200, 200, 200, 200, 200, 200, 200, 200, 200, 200, 200, 200, 200, 200, 200, 200, 200, 200, 200, 200, 200, 200, 200, 200, 200, 16, 187, 200, 200, 200, 200, 200, 200, 200, 200, 200, 200, 168, 200, 200, 200, 200, 200, 200, 200, 200], "episode_rewards": [200.0, 200.0, 200.0, 200.0, 200.0, 200.0, 200.0, 200.0, 48.0, 200.0, 200.0, 200.0, 200.0, 200.0, 200.0, 200.0, 200.0, 200.0, 200.0, 200.0, 65.0, 200.0, 200.0, 200.0, 200.0, 200.0, 200.0, 200.0, 200.0, 200.0, 200.0, 200.0, 200.0, 200.0, 200.0, 200.0, 200.0, 200.0, 200.0, 200.0, 200.0, 200.0, 200.0, 200.0, 200.0, 200.0, 200.0, 200.0, 200.0, 200.0, 200.0, 200.0, 200.0, 200.0, 200.0, 200.0, 200.0, 200.0, 200.0, 200.0, 200.0, 200.0, 200.0, 200.0, 200.0, 200.0, 200.0, 200.0, 200.0, 200.0, 200.0, 200.0, 200.0, 200.0, 200.0, 200.0, 200.0, 200.0, 200.0, 16.0, 187.0, 200.0, 200.0, 200.0, 200.0, 200.0, 200.0, 200.0, 200.0, 200.0, 200.0, 168.0, 200.0, 200.0, 200.0, 200.0, 200.0, 200.0, 200.0, 200.0], "episode_types": ["t", "t", "t", "t", "t", "t", "t", "t", "t", "t", "t", "t", "t", "t", "t", "t", "t", "t", "t", "t", "t", "t", "t", "t", "t", "t", "t", "t", "t", "t", "t", "t", "t", "t", "t", "t", "t", "t", "t", "t", "t", "t", "t", "t", "t", "t", "t", "t", "t", "t", "t", "t", "t", "t", "t", "t", "t", "t", "t", "t", "t", "t", "t", "t", "t", "t", "t", "t", "t", "t", "t", "t", "t", "t", "t", "t", "t", "t", "t", "t", "t", "t", "t", "t", "t", "t", "t", "t", "t", "t", "t", "t", "t", "t", "t", "t", "t", "t", "t", "t"]}