{"initial_reset_timestamp": 1520958033.8744242, "timestamps": [1520958035.3513987, 1520958036.6643207, 1520958036.7131715, 1520958036.7294743, 1520958036.7473214, 1520958036.765034, 1520958036.7829876, 1520958036.8006704, 1520958038.0671687, 1520958038.1156683, 1520958038.1339085, 1520958038.1526666, 1520958038.1712573, 1520958038.1897178, 1520958038.2082791, 1520958038.2267652, 1520958038.2458224, 1520958038.2647836, 1520958038.2833278, 1520958038.3018997, 1520958038.3204055, 1520958038.3389385, 1520958038.357489, 1520958038.375943, 1520958038.3945212, 1520958038.4131744, 1520958038.4321084, 1520958039.6978738, 1520958039.7469785, 1520958039.7661572, 1520958039.7802665, 1520958039.798831, 1520958039.8180327, 1520958039.837106, 1520958039.856589, 1520958039.8757963, 1520958039.8887637, 1520958039.9092522, 1520958039.9290648, 1520958039.9508207, 1520958039.972376, 1520958039.9933248, 1520958040.014832, 1520958040.0359225, 1520958040.056921, 1520958040.066196, 1520958040.087509, 1520958040.1142948, 1520958040.1379373, 1520958040.1596825, 1520958040.1845183, 1520958040.1945786, 1520958040.2165742, 1520958040.237172, 1520958040.260928, 1520958040.2851243, 1520958040.3067143, 1520958040.3268082, 1520958040.3457892, 1520958040.3647316, 1520958040.3835218, 1520958040.4024427, 1520958040.4210253, 1520958040.4395497, 1520958041.7540472, 1520958041.8046997, 1520958041.8248787, 1520958041.8447952, 1520958041.85565, 1520958041.8758264, 1520958041.8957105, 1520958041.910829, 1520958041.9213414, 1520958041.930784, 1520958041.942946, 1520958041.9623303, 1520958041.9814858, 1520958042.0019236, 1520958042.02093, 1520958042.0398595, 1520958042.0586772, 1520958042.0776646, 1520958042.0878057, 1520958042.106812, 1520958042.125566, 1520958042.1323142, 1520958042.140741, 1520958042.160454, 1520958042.1796296, 1520958042.1880553, 1520958042.2081647, 1520958042.2285576, 1520958042.2477846, 1520958042.268102, 1520958042.2812665, 1520958042.2999477, 1520958042.318747, 1520958042.3374622, 1520958042.3588107, 1520958042.3808699], "episode_lengths": [200, 200, 200, 180, 200, 200, 200, 200, 200, 200, 200, 200, 200, 200, 200, 200, 200, 200, 200, 200, 200, 200, 200, 200, 200, 200, 200, 200, 200, 200, 150, 200, 200, 200, 200, 200, 127, 200, 200, 200, 191, 200, 200, 200, 200, 73, 200, 200, 200, 200, 200, 87, 200, 183, 200, 200, 200, 200, 200, 200, 200, 200, 200, 200, 200, 200, 200, 200, 101, 200, 200, 154, 105, 95, 126, 200, 200, 200, 200, 200, 200, 200, 107, 200, 200, 73, 87, 200, 200, 88, 200, 200, 200, 200, 140, 200, 200, 200, 200, 200], "episode_rewards": [200.0, 200.0, 200.0, 180.0, 200.0, 200.0, 200.0, 200.0, 200.0, 200.0, 200.0, 200.0, 200.0, 200.0, 200.0, 200.0, 200.0, 200.0, 200.0, 200.0, 200.0, 200.0, 200.0, 200.0, 200.0, 200.0, 200.0, 200.0, 200.0, 200.0, 150.0, 200.0, 200.0, 200.0, 200.0, 200.0, 127.0, 200.0, 200.0, 200.0, 191.0, 200.0, 200.0, 200.0, 200.0, 73.0, 200.0, 200.0, 200.0, 200.0, 200.0, 87.0, 200.0, 183.0, 200.0, 200.0, 200.0, 200.0, 200.0, 200.0, 200.0, 200.0, 200.0, 200.0, 200.0, 200.0, 200.0, 200.0, 101.0, 200.0, 200.0, 154.0, 105.0, 95.0, 126.0, 200.0, 200.0, 200.0, 200.0, 200.0, 200.0, 200.0, 107.0, 200.0, 200.0, 73.0, 87.0, 200.0, 200.0, 88.0, 200.0, 200.0, 200.0, 200.0, 140.0, 200.0, 200.0, 200.0, 200.0, 200.0], "episode_types": ["t", "t", "t", "t", "t", "t", "t", "t", "t", "t", "t", "t", "t", "t", "t", "t", "t", "t", "t", "t", "t", "t", "t", "t", "t", "t", "t", "t", "t", "t", "t", "t", "t", "t", "t", "t", "t", "t", "t", "t", "t", "t", "t", "t", "t", "t", "t", "t", "t", "t", "t", "t", "t", "t", "t", "t", "t", "t", "t", "t", "t", "t", "t", "t", "t", "t", "t", "t", "t", "t", "t", "t", "t", "t", "t", "t", "t", "t", "t", "t", "t", "t", "t", "t", "t", "t", "t", "t", "t", "t", "t", "t", "t", "t", "t", "t", "t", "t", "t", "t"]}