{"initial_reset_timestamp": 1524256072.439211, "timestamps": [1524256074.18014, 1524256075.903873, 1524256075.965431, 1524256075.9860528, 1524256076.010655, 1524256076.0311742, 1524256076.05167, 1524256076.0722084, 1524256077.7480314, 1524256077.8089166, 1524256077.8283932, 1524256077.8489437, 1524256077.869491, 1524256077.8901136, 1524256077.910618, 1524256077.9312112, 1524256077.9518187, 1524256077.9723709, 1524256077.9929454, 1524256078.0134997, 1524256078.034272, 1524256078.054887, 1524256078.0753424, 1524256078.096704, 1524256078.1172915, 1524256078.1378148, 1524256078.1584005, 1524256079.8462713, 1524256079.9111404, 1524256079.9364934, 1524256079.9616632, 1524256079.9834402, 1524256080.0041146, 1524256080.0245912, 1524256080.0450692, 1524256080.0609272, 1524256080.0817416, 1524256080.102568, 1524256080.123155, 1524256080.1436985, 1524256080.1642807, 1524256080.1848032, 1524256080.205333, 1524256080.225865, 1524256080.2463903, 1524256080.2669022, 1524256080.2874544, 1524256080.307821, 1524256080.32812, 1524256080.3485806, 1524256080.369045, 1524256080.389649, 1524256080.4101207, 1524256080.430616, 1524256080.451414, 1524256080.472019, 1524256080.4925992, 1524256080.5131774, 1524256080.5337224, 1524256080.554257, 1524256080.57477, 1524256080.5953734, 1524256080.615924, 1524256080.6364875, 1524256082.307121, 1524256082.3703496, 1524256082.3910167, 1524256082.4088752, 1524256082.429511, 1524256082.4425936, 1524256082.4631782, 1524256082.4837584, 1524256082.5022607, 1524256082.522854, 1524256082.543433, 1524256082.5567102, 1524256082.5772073, 1524256082.5978398, 1524256082.6199574, 1524256082.6406538, 1524256082.661289, 1524256082.6819901, 1524256082.702653, 1524256082.7233133, 1524256082.743947, 1524256082.764379, 1524256082.7848527, 1524256082.8054106, 1524256082.825916, 1524256082.8424227, 1524256082.8629756, 1524256082.8835123, 1524256082.904145, 1524256082.9246898, 1524256082.945344, 1524256082.9659026, 1524256082.9864984, 1524256082.9986858, 1524256083.0192487, 1524256083.0397875], "episode_lengths": [200, 200, 200, 200, 200, 200, 200, 200, 200, 200, 190, 200, 200, 200, 200, 200, 200, 200, 200, 200, 200, 200, 200, 200, 200, 200, 200, 200, 200, 200, 200, 200, 200, 200, 200, 155, 200, 200, 200, 200, 200, 200, 200, 200, 200, 200, 200, 200, 200, 200, 200, 200, 200, 200, 200, 200, 200, 200, 200, 200, 200, 200, 200, 200, 200, 200, 200, 172, 200, 127, 200, 200, 178, 200, 200, 129, 200, 200, 200, 200, 200, 200, 200, 200, 200, 200, 200, 200, 200, 161, 200, 200, 200, 200, 200, 200, 200, 118, 200, 200], "episode_rewards": [200.0, 200.0, 200.0, 200.0, 200.0, 200.0, 200.0, 200.0, 200.0, 200.0, 190.0, 200.0, 200.0, 200.0, 200.0, 200.0, 200.0, 200.0, 200.0, 200.0, 200.0, 200.0, 200.0, 200.0, 200.0, 200.0, 200.0, 200.0, 200.0, 200.0, 200.0, 200.0, 200.0, 200.0, 200.0, 155.0, 200.0, 200.0, 200.0, 200.0, 200.0, 200.0, 200.0, 200.0, 200.0, 200.0, 200.0, 200.0, 200.0, 200.0, 200.0, 200.0, 200.0, 200.0, 200.0, 200.0, 200.0, 200.0, 200.0, 200.0, 200.0, 200.0, 200.0, 200.0, 200.0, 200.0, 200.0, 172.0, 200.0, 127.0, 200.0, 200.0, 178.0, 200.0, 200.0, 129.0, 200.0, 200.0, 200.0, 200.0, 200.0, 200.0, 200.0, 200.0, 200.0, 200.0, 200.0, 200.0, 200.0, 161.0, 200.0, 200.0, 200.0, 200.0, 200.0, 200.0, 200.0, 118.0, 200.0, 200.0], "episode_types": ["t", "t", "t", "t", "t", "t", "t", "t", "t", "t", "t", "t", "t", "t", "t", "t", "t", "t", "t", "t", "t", "t", "t", "t", "t", "t", "t", "t", "t", "t", "t", "t", "t", "t", "t", "t", "t", "t", "t", "t", "t", "t", "t", "t", "t", "t", "t", "t", "t", "t", "t", "t", "t", "t", "t", "t", "t", "t", "t", "t", "t", "t", "t", "t", "t", "t", "t", "t", "t", "t", "t", "t", "t", "t", "t", "t", "t", "t", "t", "t", "t", "t", "t", "t", "t", "t", "t", "t", "t", "t", "t", "t", "t", "t", "t", "t", "t", "t", "t", "t"]}